<?xml version="1.0" encoding="UTF-8"?>
<telugu_movies>
    <movie>
        <name>Bahubali: The Beginning</name>
        <year>2015</year>
        <length>159</length>
        <actors>
            <actor>
                <first_name>Prabhas</first_name>
                <last_name>Raju</last_name>
                <year_born>1979</year_born>
            </actor>
            <actor>
                <first_name>Anushka</first_name>
                <last_name>Shetty</last_name>
                <year_born>1981</year_born>
            </actor>
            <actor>
                <first_name>Rana</first_name>
                <last_name>Daggubati</last_name>
                <year_born>1984</year_born>
            </actor>
        </actors>
    </movie>
    <movie>
        <name>Arjun Reddy</name>
        <year>2017</year>
        <length>182</length>
        <actors>
            <actor>
                <first_name>Vijay</first_name>
                <last_name>Deverakonda</last_name>
                <year_born>1989</year_born>
            </actor>
            <actor>
                <first_name>Shalini</first_name>
                <last_name>Pandey</last_name>
                <year_born>1994</year_born>
            </actor>
        </actors>
    </movie>
    <movie>
        <name>Rangasthalam</name>
        <year>2018</year>
        <length>170</length>
        <actors>
            <actor>
                <first_name>Ram</first_name>
                <last_name>Charan</last_name>
                <year_born>1985</year_born>
            </actor>
            <actor>
                <first_name>Samantha</first_name>
                <last_name>Akkineni</last_name>
                <year_born>1987</year_born>
            </actor>
        </actors>
    </movie>
</telugu_movies>

